{
  "name": "simulationcontrols",
  "version": "0.0.1",
  "author": {
    "name": "Matt Olson",
    "email": "matt@metacell.us"
  },
  "description": "Simulation controls component (load, start, stop, pause, home buttons)",
  "moduleType": [
    "amd"
  ],
  "main": "SimulationControls",
  "keywords": [
    "simulationcontrols"
  ],
  "license": "MIT",
  "private": false,
  "ignore": [
    "**/.*",
    "node_modules",
    "bower_components",
    "test",
    "tests"
  ],
  "_cacheHeaders": {
    "ETag": "\"34ae894e80f5e46a5db20f162b04c803a64e2577\"",
    "Content-Length": "9576",
    "Content-Type": "application/zip"
  },
  "_release": "e-tag:34ae894e8",
  "_source": "https://github.com/mlolson/geppetto-components/raw/master/simulationcontrols.zip",
  "_target": "*",
  "_originalSource": "https://github.com/mlolson/geppetto-components/raw/master/simulationcontrols.zip"
}